"Var1","Var2","value","Var1_cat","Var2_cat"
196900137,196900337,0.978571428571429,"shallow","deep"
196900137,196900498,0.971428571428571,"shallow","deep"
